Date,Close,Adj Close,Volume
2020-01-02,97.6500015258789,82.74583435058594,4882015
2020-01-03,97.6500015258789,82.74583435058594,6813547
2020-01-06,96.4000015258789,81.68660736083984,9321768
2020-01-07,96.0999984741211,81.4323959350586,6328602
2020-01-08,95.6500015258789,81.05109405517578,8516995
2020-01-09,96.94999694824219,82.15265655517578,7163943
2020-01-10,97.30000305175781,82.44925689697266,9071925
2020-01-13,98.0,83.04241943359375,6650898
2020-01-14,98.5999984741211,83.55083465576172,11544956
2020-01-15,97.5999984741211,82.70346069335938,10259354
2020-01-16,97.30000305175781,82.44925689697266,8686499
2020-01-17,97.30000305175781,82.44925689697266,8121134
2020-01-20,97.69999694824219,82.78819274902344,6969945
2020-01-30,92.1500015258789,78.08528900146484,32262874
2020-01-31,89.94999694824219,78.6977310180664,22497767
2020-02-03,89.05000305175781,77.91030883789062,15823593
2020-02-04,90.5999984741211,79.26641845703125,8904471
2020-02-05,90.8499984741211,79.48513793945312,6701508
2020-02-06,92.30000305175781,80.75375366210938,10696477
2020-02-07,91.19999694824219,79.79135131835938,9554828
2020-02-10,91.0,79.61637115478516,7308908
2020-02-11,91.75,80.27254486083984,5115402
2020-02-12,92.6500015258789,81.0599594116211,5640117
2020-02-13,92.80000305175781,81.19120025634766,5754317
2020-02-14,92.94999694824219,81.32242584228516,4988165
2020-02-17,92.30000305175781,80.75375366210938,6266211
2020-02-18,91.05000305175781,79.66011810302734,12529356
2020-02-19,92.0999984741211,80.57876586914062,7947011
2020-02-20,91.69999694824219,80.22880554199219,6538336
2020-02-21,91.25,79.8351058959961,5401188
2020-02-24,90.0999984741211,78.8289566040039,13571936
2020-02-25,90.3499984741211,79.04766845703125,8840104
2020-02-26,89.44999694824219,78.26026153564453,15081003
2020-02-27,88.6500015258789,77.56034851074219,24688054
2020-03-02,87.3499984741211,76.42295837402344,27894641
2020-03-03,88.5999984741211,77.51659393310547,11071900
2020-03-04,89.19999694824219,78.04153442382812,8437415
2020-03-05,90.19999694824219,78.91644287109375,9785483
2020-03-06,88.3499984741211,77.2978744506836,17096376
2020-03-09,85.8499984741211,75.1106185913086,27734426
2020-03-10,86.30000305175781,75.50431823730469,23784345
2020-03-11,85.30000305175781,74.62940216064453,15306570
2020-03-12,82.1500015258789,71.87345886230469,44910246
2020-03-13,81.0,70.86731719970703,53704860
2020-03-16,77.30000305175781,67.63016510009766,33813951
2020-03-17,74.8499984741211,65.48665618896484,51145832
2020-03-18,72.80000305175781,63.693092346191406,46790503
2020-03-19,68.55000305175781,59.97474670410156,68038340
2020-03-20,74.0,64.74298858642578,40910533
2020-03-23,70.80000305175781,61.94328689575195,22465117
2020-03-24,74.25,64.96170043945312,26756843
2020-03-25,76.8499984741211,67.23646545410156,32687820
2020-03-26,77.19999694824219,67.54268646240234,19215688
2020-03-27,76.5999984741211,67.01773071289062,21953901
2020-03-30,75.8499984741211,66.3615493774414,13605883
2020-03-31,76.1500015258789,66.62403106689453,9764000
2020-04-01,75.9000015258789,66.40531158447266,9948017
2020-04-06,77.05000305175781,67.41145324707031,12207626
2020-04-07,78.5,68.68006134033203,15302038
2020-04-08,79.5999984741211,69.64244842529297,15230698
2020-04-09,79.25,69.33622741699219,15650105
2020-04-10,79.30000305175781,69.37998962402344,5824779
2020-04-13,78.80000305175781,68.94252014160156,7430914
2020-04-14,80.94999694824219,70.82357788085938,13121792
2020-04-15,81.19999694824219,71.04229736328125,17361116
2020-04-16,80.80000305175781,70.69235229492188,12409525
2020-04-17,83.25,72.83586883544922,34532038
2020-04-20,83.0,72.61712646484375,12336416
2020-04-21,80.5999984741211,70.5173568725586,21082454
2020-04-22,80.5999984741211,70.5173568725586,10896151
2020-04-23,80.9000015258789,70.77983093261719,13298948
2020-04-24,80.9000015258789,70.77983093261719,5764752
2020-04-27,82.55000305175781,72.22342681884766,13917724
2020-04-28,82.55000305175781,72.22342681884766,7556661
2020-04-29,83.69999694824219,73.22957611083984,11874079
2020-04-30,85.5,74.80438995361328,18785156
2020-05-04,83.0,72.61712646484375,15648380
2020-05-05,83.4000015258789,72.96708679199219,7810636
2020-05-06,83.5,73.05457305908203,6142593
2020-05-07,83.8499984741211,73.36080169677734,6140995
2020-05-08,84.3499984741211,73.79825592041016,6034013
2020-05-11,85.05000305175781,74.41069030761719,6655422
2020-05-12,84.05000305175781,73.53578186035156,11549365
2020-05-13,84.30000305175781,73.75450897216797,4967165
2020-05-14,83.30000305175781,72.8796157836914,8743268
2020-05-15,83.8499984741211,73.36080169677734,6190781
2020-05-18,83.1500015258789,72.74836730957031,8271703
2020-05-19,83.9000015258789,73.40455627441406,5477775
2020-05-20,83.80000305175781,73.31705474853516,9894141
2020-05-21,84.5,73.92948913574219,7568047
2020-05-22,82.94999694824219,72.57337951660156,13354146
2020-05-25,83.5,73.05457305908203,5250544
2020-05-26,84.44999694824219,73.88573455810547,15454949
2020-05-27,84.3499984741211,73.79825592041016,4589767
2020-05-28,83.8499984741211,73.36080169677734,7476909
2020-05-29,84.44999694824219,73.88573455810547,5320690
2020-06-01,84.9000015258789,74.2794418334961,8365321
2020-06-02,85.30000305175781,74.62940216064453,11947060
2020-06-03,86.80000305175781,75.9417724609375,18117244
2020-06-04,87.5999984741211,76.64167785644531,15036553
2020-06-05,88.3499984741211,77.2978744506836,9916582
2020-06-08,89.5,78.30400085449219,15549542
2020-06-09,89.5999984741211,78.39151000976562,11356579
2020-06-10,90.44999694824219,79.13516998291016,10998897
2020-06-11,89.05000305175781,77.91030883789062,14179192
2020-06-12,88.25,77.21038055419922,21563371
2020-06-15,87.0,76.11674499511719,9573700
2020-06-16,88.9000015258789,77.77908325195312,10841047
2020-06-17,89.0,77.8665542602539,11510236
2020-06-18,88.9000015258789,77.77908325195312,5035751
2020-06-19,88.8499984741211,77.73532104492188,2333985
2020-06-22,89.05000305175781,77.91030883789062,10579456
2020-06-23,89.44999694824219,78.26026153564453,8664889
2020-06-24,90.0,78.7414779663086,10061904
2020-06-29,89.0999984741211,77.95404815673828,9785007
2020-06-30,89.9000015258789,78.65396881103516,8035137
2020-07-01,90.5,79.17890167236328,9979250
2020-07-02,91.5,80.05382537841797,7601474
2020-07-03,92.55000305175781,80.97248077392578,14983163
2020-07-06,94.1500015258789,82.37232208251953,14469339
2020-07-07,94.5,82.67853546142578,13927773
2020-07-08,95.1500015258789,83.24722290039062,11145368
2020-07-09,95.44999694824219,83.50968933105469,7241657
2020-07-10,94.6500015258789,82.80976867675781,11502554
2020-07-13,96.05000305175781,84.03465270996094,12054512
2020-07-14,96.6500015258789,84.55958557128906,13480664
2020-07-15,97.05000305175781,84.90955352783203,21315724
2020-07-16,96.0999984741211,84.07837677001953,7632129
2020-07-17,97.19999694824219,85.04077911376953,18010470
2020-07-20,97.05000305175781,84.90955352783203,9486407
2020-07-21,98.69999694824219,86.98050689697266,24740975
2020-07-22,98.94999694824219,87.20082092285156,7243893
2020-07-23,98.8499984741211,87.1126937866211,6008972
2020-07-24,98.5,86.80426025390625,17377622
2020-07-27,103.30000305175781,91.03431701660156,22874174
2020-07-28,103.5999984741211,91.2987060546875,22422761
2020-07-29,102.55000305175781,90.37338256835938,9636665
2020-07-30,104.05000305175781,91.69525909423828,6587085
2020-07-31,103.80000305175781,91.47494506835938,5314021
2020-08-03,102.0,89.888671875,7258914
2020-08-04,103.30000305175781,91.03431701660156,4798147
2020-08-05,104.30000305175781,91.91558837890625,5106381
2020-08-06,105.4000015258789,92.88496398925781,7430095
2020-08-07,104.6500015258789,92.22401428222656,6803730
2020-08-10,105.5999984741211,93.06121826171875,5905752
2020-08-11,104.80000305175781,92.356201171875,3199141
2020-08-12,103.25,90.99024963378906,5916723
2020-08-13,104.25,91.87151336669922,5461251
2020-08-14,104.5,92.09182739257812,3779950
2020-08-17,105.5999984741211,93.06121826171875,5641660
2020-08-18,105.0,92.53246307373047,3745611
2020-08-19,104.25,91.87151336669922,6043314
2020-08-20,100.5999984741211,88.6549072265625,18738215
2020-08-21,102.80000305175781,90.59368896484375,8132713
2020-08-24,103.0999984741211,90.85806274414062,3718559
2020-08-25,103.9000015258789,91.56307983398438,3609809
2020-08-26,104.30000305175781,91.91558837890625,2665520
2020-08-27,104.55000305175781,92.13589477539062,5706106
2020-08-28,103.5,91.21055603027344,3913299
2020-08-31,101.80000305175781,89.71243286132812,5759933
2020-09-01,103.3499984741211,91.078369140625,5735637
2020-09-02,103.0,90.76993560791016,4133083
2020-09-03,103.30000305175781,91.03431701660156,5129198
2020-09-04,102.55000305175781,90.37338256835938,5916012
2020-09-07,102.4000015258789,90.2411880493164,5499657
2020-09-08,103.0,90.76993560791016,4504453
2020-09-09,102.30000305175781,90.15304565429688,6274033
2020-09-10,103.19999694824219,90.94618225097656,3581337
2020-09-11,103.25,90.99024963378906,2905291
2020-09-14,104.55000305175781,92.13589477539062,5753474
2020-09-15,104.94999694824219,92.48838806152344,5438768
2020-09-16,106.55000305175781,93.89840698242188,14855265
2020-09-17,105.4000015258789,92.88496398925781,8748846
2020-09-18,105.30000305175781,92.79683685302734,4951719
2020-09-21,104.44999694824219,92.04776000976562,5709735
2020-09-22,103.0999984741211,90.85806274414062,6636055
2020-09-23,102.94999694824219,90.72586822509766,5362100
2020-09-24,100.44999694824219,88.52272033691406,15784773
2020-09-25,100.6500015258789,88.698974609375,9498930
2020-09-28,102.30000305175781,90.15304565429688,6026880
2020-09-29,102.55000305175781,90.37338256835938,3759262
2020-09-30,103.0,90.76993560791016,3545485
2020-10-05,103.05000305175781,90.81400299072266,5912599
2020-10-06,104.25,91.87151336669922,6875260
2020-10-07,104.80000305175781,92.356201171875,4011139
2020-10-08,106.19999694824219,93.5899658203125,13470899
2020-10-12,107.05000305175781,94.33904266357422,9837999
2020-10-13,107.0999984741211,94.38309478759766,5410614
2020-10-14,106.69999694824219,94.03059387207031,2562860
2020-10-15,105.69999694824219,93.14933013916016,4550154
2020-10-16,105.25,92.75276947021484,3239005
2020-10-19,106.5999984741211,93.94246673583984,3459323
2020-10-20,106.0,93.4137191772461,1414032
2020-10-21,105.94999694824219,93.3696517944336,7299387
2020-10-22,106.0999984741211,93.50184631347656,2158260
2020-10-23,106.0999984741211,93.50184631347656,3205830
2020-10-26,106.0999984741211,93.50184631347656,2849390
2020-10-27,105.5,92.97309875488281,3350269
2020-10-28,105.0,92.53246307373047,4669830
2020-10-29,103.8499984741211,91.51901245117188,6954385
2020-10-30,103.0,90.76993560791016,6432187
2020-11-02,103.4000015258789,91.12244415283203,10063314
2020-11-03,104.5999984741211,92.17993927001953,4385320
2020-11-04,106.1500015258789,93.54591369628906,5009968
2020-11-05,106.05000305175781,93.45777893066406,4268304
2020-11-06,106.69999694824219,94.03059387207031,6237894
2020-11-09,108.0999984741211,95.26435852050781,11280644
2020-11-10,107.0999984741211,94.38309478759766,4350611
2020-11-11,108.75,95.8371810913086,8517576
2020-11-12,108.80000305175781,95.88125610351562,3803422
2020-11-13,109.25,96.27782440185547,3761797
2020-11-16,112.80000305175781,99.40628814697266,9229598
2020-11-17,113.5999984741211,100.1113052368164,8137011
2020-11-18,114.3499984741211,100.77225494384766,19639154
2020-11-19,114.1500015258789,100.59600830078125,4409033
2020-11-20,114.0,100.46380615234375,4708386
2020-11-23,115.44999694824219,101.74163818359375,5697921
2020-11-24,114.9000015258789,101.25695037841797,6002898
2020-11-25,113.94999694824219,100.41973876953125,4028700
2020-11-26,114.8499984741211,101.21288299560547,2499715
2020-11-27,114.6500015258789,101.03662109375,5220065
2020-11-30,113.30000305175781,99.84693145751953,9337378
2020-12-01,114.30000305175781,100.72820281982422,4998172
2020-12-02,115.4000015258789,101.69757843017578,6048212
2020-12-03,115.4000015258789,101.69757843017578,5881587
2020-12-04,117.30000305175781,103.37198638916016,12221419
2020-12-07,118.4000015258789,104.34136199951172,6706098
2020-12-08,120.05000305175781,105.79544830322266,6265118
2020-12-09,120.05000305175781,105.79544830322266,6132633
2020-12-10,118.5999984741211,104.51762390136719,8064913
2020-12-11,118.75,104.6498031616211,4616737
2020-12-14,118.25,104.20916748046875,2376954
2020-12-15,117.05000305175781,103.15166473388672,9382318
2020-12-16,119.25,105.09043884277344,13297482
2020-12-17,118.5999984741211,104.51762390136719,2904661
2020-12-18,118.19999694824219,104.16510009765625,2490885
2020-12-21,119.3499984741211,105.1785659790039,4307516
2020-12-22,118.0,103.98886108398438,5711169
2020-12-23,118.1500015258789,104.12105560302734,4170537
2020-12-24,118.80000305175781,104.69386291503906,2451140
2020-12-25,118.94999694824219,104.82606506347656,2801317
2020-12-28,120.0,105.75138092041016,3407442
2020-12-29,119.9000015258789,105.66324615478516,3093979
2020-12-30,121.5999984741211,107.16139221191406,5368204
2020-12-31,122.25,107.73422241210938,5741338
2021-01-04,124.3499984741211,109.58486938476562,6140797
2021-01-05,124.5999984741211,109.80517578125,4731570
2021-01-06,125.94999694824219,110.994873046875,10587073
2021-01-07,128.89999389648438,113.59459686279297,6691163
2021-01-08,131.1999969482422,115.62151336669922,12990245
2021-01-11,132.3000030517578,116.59091186523438,10145856
2021-01-12,132.10000610351562,116.41464233398438,10874362
2021-01-13,135.3000030517578,119.23467254638672,10688901
2021-01-14,134.0500030517578,118.13309478759766,12000449
2021-01-15,134.5,118.52967071533203,21523977
2021-01-18,134.39999389648438,118.4415512084961,14202770
2021-01-19,137.9499969482422,121.57003021240234,12069311
2021-01-20,138.1999969482422,121.79035186767578,29965436
2021-01-21,143.0,126.02039337158203,13672387
2021-01-22,137.4499969482422,123.76922607421875,23767813
2021-01-25,135.60000610351562,122.10336303710938,13750626
2021-01-26,132.85000610351562,119.62709045410156,14376477
2021-01-27,133.0500030517578,119.80716705322266,7854841
2021-01-28,130.35000610351562,117.37590789794922,14503801
2021-01-29,128.1999969482422,115.43990325927734,14039666
2021-02-01,130.75,117.7361068725586,14132983
2021-02-02,134.4499969482422,121.06783294677734,10888373
2021-02-03,134.35000610351562,120.97779846191406,7081970
2021-02-04,133.5500030517578,120.2574234008789,6558479
2021-02-05,134.8000030517578,121.38299560546875,8799751
2021-02-17,140.5500030517578,126.56068420410156,18905696
2021-02-18,140.35000610351562,126.3805923461914,10478048
2021-02-19,138.85000610351562,125.02989196777344,8776596
2021-02-22,138.8000030517578,124.98487091064453,6813636
2021-02-23,138.5,124.71471405029297,7657431
2021-02-24,136.4499969482422,122.86875915527344,10485561
2021-02-25,137.5500030517578,123.85928344726562,10182298
2021-02-26,133.39999389648438,120.12232971191406,26333709
2021-03-02,133.4499969482422,120.16735076904297,7126570
2021-03-03,135.39999389648438,121.92325592041016,8378094
2021-03-04,132.75,119.53704071044922,16588263
2021-03-05,131.9499969482422,118.81666564941406,14153461
2021-03-08,131.85000610351562,118.72663116455078,12052602
2021-03-09,131.35000610351562,118.2763671875,13273932
2021-03-10,131.89999389648438,118.77162170410156,5338478
2021-03-11,134.6999969482422,121.2929458618164,9165793
2021-03-12,135.25,121.78820037841797,5528044
2021-03-15,134.89999389648438,121.4730453491211,3679531
2021-03-16,135.35000610351562,121.87826538085938,6719125
2021-03-17,134.1999969482422,120.84272003173828,6645656
2021-03-18,134.89999389648438,121.4730453491211,6904704
2021-03-19,132.8000030517578,119.58206176757812,9925322
2021-03-22,133.39999389648438,120.12232971191406,5306034
2021-03-23,133.60000610351562,120.30242156982422,6866901
2021-03-24,131.5,118.41145324707031,10243129
2021-03-25,131.9499969482422,118.81666564941406,4885017
2021-03-26,134.35000610351562,120.97779846191406,7969939
2021-03-29,135.4499969482422,121.96829223632812,8065834
2021-03-30,135.89999389648438,122.37349700927734,4763248
2021-03-31,134.75,121.33796691894531,7603312
2021-04-01,135.75,122.2384262084961,7223316
2021-04-07,137.8000030517578,124.08438110351562,4279389
2021-04-08,138.25,124.48960876464844,6198567
2021-04-09,137.9499969482422,124.2194595336914,3593685
2021-04-12,137.14999389648438,123.49909210205078,5896559
2021-04-13,137.14999389648438,123.49909210205078,5587824
2021-04-14,137.89999389648438,124.17443084716797,6375510
2021-04-15,139.0500030517578,125.20996856689453,7532196
2021-04-16,139.25,125.39007568359375,11179356
2021-04-19,139.5,125.61518859863281,7999270
2021-04-20,139.25,125.39007568359375,4751499
2021-04-21,138.0,124.26448822021484,7815415
2021-04-22,137.89999389648438,124.17443084716797,3961169
2021-04-23,139.14999389648438,125.29999542236328,5959639
2021-04-26,141.1999969482422,127.14598083496094,11873924
2021-04-27,141.25,127.19099426269531,6587615
2021-04-28,140.39999389648438,126.42558288574219,2961783
2021-04-29,140.60000610351562,126.60572052001953,8848543
2021-05-03,138.25,124.48960876464844,6721674
2021-05-04,137.0500030517578,123.40904235839844,13287337
2021-05-05,135.75,122.2384262084961,8780886
2021-05-06,136.9499969482422,123.31900024414062,7977513
2021-05-07,139.39999389648438,125.52513122558594,6971841
2021-05-10,138.4499969482422,124.669677734375,4286348
2021-05-11,133.25,119.98727416992188,25371817
2021-05-12,129.39999389648438,116.52045440673828,38462474
2021-05-13,127.5,114.80957794189453,27143151
2021-05-14,128.9499969482422,116.11526489257812,15214683
2021-05-17,126.5,113.90911865234375,31603624
2021-05-18,132.3000030517578,119.13184356689453,16272929
2021-05-19,131.39999389648438,118.32140350341797,16920497
2021-05-20,130.5,117.510986328125,9509619
2021-05-21,132.35000610351562,119.17683410644531,10091030
2021-05-24,132.14999389648438,118.99674224853516,10224544
2021-05-25,134.39999389648438,121.0228042602539,9091243
2021-05-26,134.5,121.11285400390625,5138589
2021-05-27,133.5500030517578,120.2574234008789,5656101
2021-05-28,135.8000030517578,122.283447265625,9546007
2021-05-31,137.10000610351562,123.45406341552734,10360378
2021-06-01,137.6999969482422,123.99433135986328,5559980
2021-06-02,137.6999969482422,123.99433135986328,4944067
2021-06-03,137.60000610351562,123.9043197631836,4974864
2021-06-04,136.9499969482422,123.31900024414062,3107580
2021-06-07,137.3000030517578,123.6341781616211,10744604
2021-06-08,136.5,122.91378021240234,2893600
2021-06-09,135.5,122.0133285522461,5990426
2021-06-10,137.60000610351562,123.9043197631836,6760279
2021-06-11,138.10000610351562,124.35454559326172,3280759
2021-06-15,138.85000610351562,125.02989196777344,3960456
2021-06-16,138.6999969482422,124.89481353759766,7212112
2021-06-17,138.3000030517578,124.53463745117188,3176151
2021-06-18,138.0,124.26448822021484,2141578
2021-06-21,134.6999969482422,121.2929458618164,15692991
2021-06-22,134.85000610351562,121.42801666259766,5779196
2021-06-23,137.0500030517578,123.40904235839844,6388548
2021-06-24,136.6999969482422,123.09387969970703,6177821
2021-06-25,136.9499969482422,123.31900024414062,6468464
2021-06-28,137.1999969482422,123.54409790039062,3981057
2021-06-29,137.60000610351562,123.9043197631836,8986905
2021-06-30,138.9499969482422,125.11993408203125,9434672
2021-07-01,138.3000030517578,124.53463745117188,4508775
2021-07-02,138.3000030517578,124.53463745117188,4710427
2021-07-05,139.60000610351562,125.70523071289062,7604565
2021-07-06,139.75,125.84030151367188,6395338
2021-07-07,139.0,125.16495513916016,6587378
2021-07-08,138.85000610351562,125.02989196777344,3942710
2021-07-09,137.75,124.03936767578125,6736596
2021-07-12,139.0,125.16495513916016,13551810
2021-07-13,140.14999389648438,126.20048522949219,13685209
2021-07-14,140.5,126.51566314697266,9455679
2021-07-15,141.8000030517578,127.68626403808594,12072582
2021-07-16,139.89999389648438,125.97537994384766,9250384
2021-07-19,138.3000030517578,124.53463745117188,10450510
2021-07-20,137.1999969482422,123.54409790039062,7860923
2021-07-21,136.6999969482422,123.4087142944336,12693914
2021-07-22,137.64999389648438,124.26632690429688,6101349
2021-07-23,137.64999389648438,124.26632690429688,3093560
2021-07-26,136.4499969482422,123.18299102783203,11587727
2021-07-27,136.39999389648438,123.13785552978516,10316297
2021-07-28,134.25,121.1968994140625,30057749
2021-07-29,136.5,123.22815704345703,10714159
2021-07-30,136.0500030517578,122.82190704345703,3868018
2021-08-02,137.89999389648438,124.49201965332031,7222519
2021-08-03,138.4499969482422,124.98853302001953,6080238
2021-08-04,139.25,125.71076965332031,5431124
2021-08-05,139.0,125.48506164550781,5643302
2021-08-06,138.8000030517578,125.30451202392578,3920479
2021-08-09,138.39999389648438,124.94340515136719,5037066
2021-08-10,137.64999389648438,124.26632690429688,2475776
2021-08-11,137.1999969482422,123.86006927490234,3615029
2021-08-12,136.9499969482422,123.63439178466797,2234527
2021-08-13,135.64999389648438,122.46078491210938,7179861
2021-08-16,135.35000610351562,122.1899642944336,10708994
2021-08-17,134.35000610351562,121.28719329833984,13009487
2021-08-18,134.89999389648438,121.78369903564453,21462399
2021-08-19,131.8000030517578,118.98512268066406,26396251
2021-08-20,130.75,118.03721618652344,15662364
2021-08-23,134.35000610351562,121.28719329833984,5886402
2021-08-24,134.75,121.64830017089844,4949101
2021-08-25,136.0500030517578,122.82190704345703,6850909
2021-08-26,137.0,123.67952728271484,7087424
2021-08-27,138.14999389648438,124.71772003173828,16516958
2021-08-30,139.5,125.93647003173828,21353656
2021-08-31,140.35000610351562,126.70381927490234,16125054
2021-09-01,141.0,127.29060363769531,18222818
2021-09-02,139.89999389648438,126.29756927490234,6979466
2021-09-03,141.89999389648438,128.1030731201172,11084173
2021-09-06,142.5500030517578,128.6898956298828,13835835
2021-09-07,141.89999389648438,128.1030731201172,8211141
2021-09-08,140.64999389648438,126.97461700439453,6978986
2021-09-09,140.3000030517578,126.65866088867188,3062573
2021-09-10,141.9499969482422,128.14820861816406,2982436
2021-09-13,141.4499969482422,127.69686889648438,3234821
2021-09-14,141.60000610351562,127.832275390625,2409391
2021-09-15,140.75,127.06492614746094,11993148
2021-09-16,140.10000610351562,126.47810363769531,8012128
2021-09-17,140.5,126.83921813964844,3764091
2021-09-22,137.1999969482422,123.86006927490234,23906619
2021-09-23,138.0,124.58230590820312,5737608
2021-09-24,139.64999389648438,126.07185363769531,6182224
2021-09-27,140.0,126.38784790039062,11729123
2021-09-28,139.0,125.48506164550781,17700506
2021-09-29,136.0,122.7767562866211,29709656
2021-09-30,137.0500030517578,123.72465515136719,16592539
2021-10-01,133.9499969482422,120.92607879638672,27092483
2021-10-04,133.14999389648438,120.20386505126953,23254905
2021-10-05,132.9499969482422,120.02330017089844,26965302
2021-10-06,133.0,120.06845092773438,22038093
2021-10-07,135.35000610351562,122.1899642944336,13566717
2021-10-08,134.1999969482422,121.15176391601562,7701389
2021-10-12,132.85000610351562,119.93304443359375,11027513
2021-10-13,132.39999389648438,119.52677917480469,5433166
2021-10-14,132.75,119.8427505493164,3254619
2021-10-15,136.25,123.00245666503906,13403173
2021-10-18,135.85000610351562,122.64134216308594,5291519
2021-10-19,136.9499969482422,123.63439178466797,8469894
2021-10-20,136.60000610351562,123.31842803955078,14516056
2021-10-21,136.10000610351562,122.8670425415039,13050164
2021-10-22,136.5,123.22815704345703,5187356
2021-10-25,136.39999389648438,123.13785552978516,7340396
2021-10-26,137.5500030517578,124.17606353759766,10502981
2021-10-27,137.5500030517578,124.17606353759766,7387585
2021-10-28,137.14999389648438,123.81493377685547,4443894
2021-10-29,135.8000030517578,122.59619140625,4945836
2021-11-01,136.5,123.22815704345703,3018463
2021-11-02,136.25,123.00245666503906,3982577
2021-11-03,136.60000610351562,123.31842803955078,2323882
2021-11-04,136.14999389648438,122.91215515136719,2509320
2021-11-05,138.10000610351562,124.67257690429688,11245002
2021-11-08,139.1999969482422,125.66561889648438,7386798
2021-11-09,140.6999969482422,127.01976776123047,12275930
2021-11-10,140.5,126.83921813964844,5350938
2021-11-11,139.25,125.71076965332031,4437497
2021-11-12,139.6999969482422,126.11701965332031,5693822
2021-11-15,140.9499969482422,127.2454605102539,6479705
2021-11-16,141.1999969482422,127.47117614746094,5741784
2021-11-17,141.64999389648438,127.87739562988281,20300537
2021-11-18,142.4499969482422,128.59962463378906,5844210
2021-11-19,142.8000030517578,128.9156036376953,5956344
2021-11-22,142.4499969482422,128.59962463378906,3705622
2021-11-23,141.10000610351562,127.38089752197266,4487976
2021-11-24,140.5,126.83921813964844,3044157
2021-11-25,140.4499969482422,126.79407501220703,2477401
2021-11-26,138.14999389648438,124.71772003173828,11661980
2021-11-29,138.14999389648438,124.71772003173828,11163915
2021-11-30,138.0,124.58230590820312,10275739
2021-12-01,140.3000030517578,126.65866088867188,4176069
2021-12-02,141.8000030517578,128.0128173828125,8884299
2021-12-03,141.75,127.9676742553711,4832630
2021-12-06,141.35000610351562,127.6065902709961,3854617
2021-12-07,141.8000030517578,128.0128173828125,3012539
2021-12-08,142.35000610351562,128.50933837890625,10888080
2021-12-09,142.0,128.19337463378906,4540661
2021-12-10,141.9499969482422,128.14820861816406,3280340
2021-12-13,141.5,127.74198913574219,4609301
2021-12-14,140.10000610351562,126.47810363769531,4688369
2021-12-15,140.3000030517578,126.65866088867188,9933593
2021-12-16,142.0500030517578,128.238525390625,5617055
2021-12-17,141.89999389648438,128.1030731201172,4887493
2021-12-20,140.64999389648438,126.97461700439453,4343413
2021-12-21,141.85000610351562,128.05795288085938,6600738
2021-12-22,141.85000610351562,128.05795288085938,4071445
2021-12-23,142.64999389648438,128.78016662597656,13926340
2021-12-24,143.0500030517578,129.1413116455078,12525381
2021-12-27,144.14999389648438,130.1343231201172,6512199
2021-12-28,145.3000030517578,131.17251586914062,22455995
2021-12-29,145.9499969482422,131.75933837890625,22522224
2021-12-30,145.5,131.3530731201172,6246428
2022-01-03,146.39999389648438,132.1655731201172,6784202
2022-01-04,149.60000610351562,135.054443359375,9634440
2022-01-05,149.3000030517578,134.7836151123047,11406601
2022-01-06,147.89999389648438,133.51971435546875,8621233
2022-01-07,146.60000610351562,132.34613037109375,6989124
2022-01-10,147.5500030517578,133.20375061035156,15701971
2022-01-11,148.3000030517578,133.8808135986328,17755402
2022-01-12,149.5500030517578,135.00929260253906,10154802
2022-01-13,150.3000030517578,135.68638610839844,7453096
2022-01-14,150.3000030517578,135.68638610839844,10111529
2022-01-17,152.0,137.22109985351562,6927798
2022-01-18,150.3000030517578,135.68638610839844,14415115
2022-01-19,148.5,134.06137084960938,14664287
2022-01-20,149.10000610351562,134.60304260253906,16263347
2022-01-21,142.64999389648438,131.6046905517578,29877595
2022-01-24,144.0,132.85015869140625,13160487
2022-01-25,141.64999389648438,130.68211364746094,24021948
2022-01-26,141.5500030517578,130.58987426757812,17750822
2022-02-07,142.3000030517578,131.28179931640625,24022580
2022-02-08,142.89999389648438,131.83534240722656,11085092
2022-02-09,143.39999389648438,132.29661560058594,8060900
2022-02-10,145.0500030517578,133.81884765625,6004217
2022-02-11,144.9499969482422,133.72659301757812,4314921
2022-02-14,142.6999969482422,131.6508331298828,11864040
2022-02-15,142.0500030517578,131.05116271972656,7361227
2022-02-16,144.39999389648438,133.21920776367188,6700043
2022-02-17,144.5,133.3114471435547,4940804
2022-02-18,144.10000610351562,132.9424285888672,3867211
2022-02-21,143.8000030517578,132.66563415527344,4502939
2022-02-22,141.85000610351562,130.8666229248047,18718149
2022-02-23,142.25,131.23565673828125,4408857
2022-02-24,138.8000030517578,128.05279541015625,29453452
2022-02-25,138.5,127.77601623535156,22577270
2022-03-01,140.4499969482422,129.5750274658203,8239515
2022-03-02,139.64999389648438,128.8369598388672,6131154
2022-03-03,139.9499969482422,129.11373901367188,4438868
2022-03-04,138.4499969482422,127.7298812866211,12599177
2022-03-07,134.0,123.62445068359375,52044419
2022-03-08,131.14999389648438,120.99512481689453,41820858
2022-03-09,132.5,122.24058532714844,20881585
2022-03-10,136.35000610351562,125.79251861572266,14436523
2022-03-11,134.39999389648438,123.99348449707031,10604845
2022-03-14,134.39999389648438,123.99348449707031,8586652
2022-03-15,131.64999389648438,121.45641326904297,23530678
2022-03-16,132.1999969482422,121.96383666992188,18988520
2022-03-17,136.39999389648438,125.83861541748047,14001548
2022-03-18,136.10000610351562,125.56185913085938,12645344
2022-03-21,137.0,126.39217376708984,7718397
2022-03-22,136.8000030517578,126.20767211914062,6046072
2022-03-23,138.10000610351562,127.40699768066406,10269938
2022-03-24,138.0,127.31475067138672,4277141
2022-03-25,138.1999969482422,127.49925994873047,4874198
2022-03-28,136.6999969482422,126.11540985107422,10506177
2022-03-29,136.85000610351562,126.25377655029297,6443554
2022-03-30,138.5500030517578,127.8221435546875,8166267
2022-03-31,138.10000610351562,127.40699768066406,3559638
2022-04-01,136.9499969482422,126.34603118896484,7698756
2022-04-06,136.25,125.70024108886719,11562914
2022-04-07,133.8000030517578,123.43995666503906,14747866
2022-04-08,134.5500030517578,124.13186645507812,8942218
2022-04-11,132.4499969482422,122.19446563720703,16709415
2022-04-12,132.5500030517578,122.28673553466797,14218880
2022-04-13,135.0500030517578,124.59314727783203,7046713
2022-04-14,134.5500030517578,124.13186645507812,4947994
2022-04-15,132.25,122.00996398925781,20692379
2022-04-18,131.5500030517578,121.36415100097656,17962021
2022-04-19,132.0,121.77930450439453,9059509
2022-04-20,132.64999389648438,122.37896728515625,6762135
2022-04-21,132.75,122.47123718261719,3984094
2022-04-22,131.60000610351562,121.4103012084961,11200337
2022-04-25,129.25,119.24224090576172,32212970
2022-04-26,129.25,119.24224090576172,9352352
2022-04-27,126.55000305175781,116.75131225585938,28746564
2022-04-28,127.0999984741211,117.25871276855469,11542841
2022-04-29,128.75,118.78096771240234,11884431
2022-05-03,127.80000305175781,117.9045181274414,6281269
2022-05-04,127.80000305175781,117.9045181274414,9899693
2022-05-05,129.25,119.24224090576172,6225604
2022-05-06,126.6500015258789,116.84356689453125,17050883
2022-05-09,124.55000305175781,114.90617370605469,12930248
2022-05-10,124.0,114.39875030517578,13844143
2022-05-11,124.19999694824219,114.58325958251953,8049901
2022-05-12,121.25,111.86167907714844,11938815
2022-05-13,122.3499984741211,112.87651062011719,7026550
2022-05-16,123.0,113.47618103027344,5726166
2022-05-17,124.3499984741211,114.72164916992188,4165551
2022-05-18,125.69999694824219,115.96712493896484,6316611
2022-05-19,123.30000305175781,113.7529525756836,7258370
2022-05-20,124.6500015258789,114.99842071533203,3665416
2022-05-23,124.9000015258789,115.22906494140625,2678893
2022-05-24,123.5,113.93746185302734,5069187
2022-05-25,124.44999694824219,114.81389617919922,2567573
2022-05-26,122.9000015258789,113.3839111328125,5804968
2022-05-27,125.5,115.78260040283203,11700393
2022-05-30,128.5500030517578,118.59644317626953,14542630
2022-05-31,129.8000030517578,119.74966430664062,7025667
2022-06-01,129.14999389648438,119.14997863769531,6406682
2022-06-02,127.80000305175781,117.9045181274414,4429653
2022-06-06,128.6999969482422,118.73482513427734,4027825
2022-06-07,127.4000015258789,117.53549194335938,4841440
2022-06-08,128.8000030517578,118.82707977294922,3979050
2022-06-09,128.39999389648438,118.45806121826172,1927275
2022-06-10,127.0999984741211,117.25871276855469,4249603
2022-06-13,123.55000305175781,113.98359680175781,16866775
2022-06-14,123.3499984741211,113.79907989501953,11889780
2022-06-15,122.75,113.24554443359375,8848327
2022-06-16,122.5,113.01490020751953,12767922
2022-06-17,120.8499984741211,111.49264526367188,19671555
2022-06-20,119.75,110.47782135009766,10564277
2022-06-21,122.19999694824219,112.73812103271484,6482625
2022-06-22,119.5,110.24718475341797,15108994
2022-06-23,117.9000015258789,108.77107238769531,16872943
2022-06-24,118.1500015258789,109.001708984375,10768382
2022-06-27,120.94999694824219,111.58490753173828,16680954
2022-06-28,119.80000305175781,110.52395629882812,10808460
2022-06-29,118.80000305175781,109.60138702392578,6271996
2022-06-30,115.80000305175781,106.83366394042969,20430245
2022-07-01,111.55000305175781,102.91275024414062,34719560
2022-07-04,110.44999694824219,101.89791870117188,26442712
2022-07-05,111.0,102.40531921386719,16214458
2022-07-06,108.8499984741211,100.42180633544922,15611981
2022-07-07,112.0999984741211,103.42015838623047,13433190
2022-07-08,113.25,104.48110961914062,10177857
2022-07-11,112.25,103.55855560302734,7572953
2022-07-12,109.55000305175781,101.06759643554688,11133444
2022-07-13,113.44999694824219,104.66561889648438,24824897
2022-07-14,114.0,105.17304229736328,14750428
2022-07-15,115.5,106.55690002441406,18555312
2022-07-18,114.19999694824219,105.3575439453125,22207344
2022-07-19,114.30000305175781,105.44981384277344,13251365
2022-07-20,115.05000305175781,106.14173889160156,16836288
2022-07-21,116.3499984741211,107.3410873413086,8803270
2022-07-22,116.80000305175781,107.75624084472656,15614914
2022-07-25,116.69999694824219,107.66398620605469,10543360
2022-07-26,115.6500015258789,106.6952896118164,12623932
2022-07-27,116.69999694824219,107.66398620605469,7917050
2022-07-28,116.9000015258789,107.84850311279297,8307208
2022-07-29,118.0,108.86332702636719,8030332
2022-08-01,117.6500015258789,108.5404281616211,9504634
2022-08-02,115.55000305175781,106.81184387207031,17694450
2022-08-03,116.25,107.45891571044922,7840202
2022-08-04,116.55000305175781,107.73622131347656,6849417
2022-08-05,119.5,110.463134765625,9309559
2022-08-08,119.25,110.23204040527344,8691407
2022-08-09,119.1500015258789,110.13960266113281,7884158
2022-08-10,117.9000015258789,108.984130859375,7222854
2022-08-11,120.05000305175781,110.97154998779297,10728096
2022-08-12,120.80000305175781,111.66483306884766,8424337
2022-08-15,121.9000015258789,112.68164825439453,9547362
2022-08-16,122.0999984741211,112.86651611328125,9872266
2022-08-17,122.1500015258789,112.91273498535156,13854866
2022-08-18,121.3499984741211,112.17323303222656,5272003
2022-08-19,121.55000305175781,112.35810852050781,4026019
2022-08-22,120.05000305175781,110.97154998779297,5007000
2022-08-23,118.19999694824219,109.26144409179688,10325627
2022-08-24,117.9000015258789,108.984130859375,7063478
2022-08-25,119.0,110.00094604492188,4893719
2022-08-26,119.5999984741211,110.55557250976562,9959737
2022-08-29,116.55000305175781,107.73622131347656,15775738
2022-08-30,116.75,107.92110443115234,12155353
2022-08-31,117.5999984741211,108.70681762695312,7045914
2022-09-01,115.1500015258789,106.44210052490234,21061579
2022-09-02,113.9000015258789,105.28662109375,13994058
2022-09-05,114.1500015258789,105.51771545410156,8878179
2022-09-06,114.9000015258789,106.21099853515625,6476116
2022-09-07,112.19999694824219,103.71517944335938,15488892
2022-09-08,113.0,104.45468139648438,7117171
2022-09-12,115.4000015258789,106.6731948852539,7545318
2022-09-13,116.0,107.22781372070312,4540486
2022-09-14,113.6500015258789,105.05552673339844,10945566
2022-09-15,113.8499984741211,105.24040985107422,3684100
2022-09-16,112.55000305175781,104.03871154785156,12950907
2022-09-19,112.05000305175781,103.57652282714844,7177318
2022-09-20,113.05000305175781,104.50090789794922,5757206
2022-09-21,112.0999984741211,103.62274169921875,11011543
2022-09-22,110.75,102.37483215332031,14911681
2022-09-23,109.69999694824219,101.40423583984375,14598986
2022-09-26,107.6500015258789,99.5092544555664,19920826
2022-09-27,107.5,99.37059783935547,8962778
2022-09-28,105.25,97.2907485961914,18898469
2022-09-29,104.9000015258789,96.96721649169922,10402108
2022-09-30,103.44999694824219,95.62687683105469,12676428
2022-10-03,102.19999694824219,94.47138977050781,10992367
2022-10-04,104.80000305175781,96.87478637695312,7528683
2022-10-05,107.25,99.13951110839844,10696796
2022-10-06,108.0,99.83279418945312,8457011
2022-10-07,106.19999694824219,98.16890716552734,8700628
2022-10-11,100.69999694824219,93.08483123779297,31480435
2022-10-12,100.19999694824219,92.62264251708984,13349296
2022-10-13,99.0,91.51338958740234,20842760
2022-10-14,101.8499984741211,94.14787292480469,11432758
2022-10-17,99.94999694824219,92.39154052734375,19692976
2022-10-18,101.0999984741211,93.45458221435547,6402034
2022-10-19,99.75,92.20668029785156,15624079
2022-10-20,99.19999694824219,91.6982650756836,18984972
2022-10-21,98.9000015258789,91.42095947265625,12165601
2022-10-24,98.5999984741211,91.14363861083984,16995535
2022-10-25,96.69999694824219,89.38732147216797,20064917
2022-10-26,97.5999984741211,90.2192611694336,10959458
2022-10-27,99.0,91.51338958740234,8017172
2022-10-28,97.75,90.35791015625,11490720
2022-10-31,99.05000305175781,91.55960845947266,10088080
2022-11-01,99.5999984741211,92.06802368164062,8194304
2022-11-02,100.0,92.4377670288086,7005305
2022-11-03,98.69999694824219,91.23607635498047,13533114
2022-11-04,98.8499984741211,91.37472534179688,6432535
2022-11-07,100.55000305175781,92.94618225097656,12106536
2022-11-08,101.5999984741211,93.9167709350586,10406422
2022-11-09,104.5,96.59746551513672,18911329
2022-11-10,103.5,95.673095703125,14732904
2022-11-11,109.0,100.75717163085938,34312389
2022-11-14,110.0,101.68155670166016,18166766
2022-11-15,114.69999694824219,106.026123046875,33843257
2022-11-16,114.5,105.84124755859375,23671241
2022-11-17,114.55000305175781,105.88746643066406,13352418
2022-11-18,114.25,105.61015319824219,10656075
2022-11-21,113.8499984741211,105.24040985107422,8685569
2022-11-22,114.80000305175781,106.11856842041016,5544518
2022-11-23,115.5999984741211,106.85806274414062,7938962
2022-11-24,116.69999694824219,107.8748779296875,15238836
2022-11-25,116.69999694824219,107.8748779296875,16020486
2022-11-28,114.3499984741211,105.70259094238281,15044738
2022-11-29,115.4000015258789,106.6731948852539,10671467
2022-11-30,116.3499984741211,107.55134582519531,9296066
2022-12-01,118.3499984741211,109.40010070800781,24684339
2022-12-02,117.30000305175781,108.42950439453125,7480152
2022-12-05,117.44999694824219,108.56816101074219,11987754
2022-12-06,115.30000305175781,106.58075714111328,9970008
2022-12-07,114.5999984741211,105.93367767333984,8225389
2022-12-08,113.25,104.6857681274414,9118894
2022-12-09,115.0,106.30343627929688,6236839
2022-12-12,113.9000015258789,105.28662109375,8364050
2022-12-13,113.4000015258789,104.82443237304688,6522142
2022-12-14,114.80000305175781,106.11856842041016,7883543
2022-12-15,114.9000015258789,106.21099853515625,7809191
2022-12-16,113.0,104.45468139648438,11881776
2022-12-19,112.3499984741211,103.85383605957031,6131528
2022-12-20,110.30000305175781,101.9588623046875,12435983
2022-12-21,110.75,102.37483215332031,11903153
2022-12-22,112.5999984741211,104.08491516113281,5023151
2022-12-23,110.69999694824219,102.32860565185547,5985362
2022-12-26,111.0999984741211,102.69835662841797,4030170
2022-12-27,111.5999984741211,103.16056060791016,4127175
2022-12-28,110.0,101.68155670166016,12175351
2022-12-29,109.5,101.2193603515625,13853556
2022-12-30,110.19999694824219,101.86641693115234,8643162
2023-01-03,110.75,102.37483215332031,14810634
2023-01-04,110.5,102.14373779296875,13754853
2023-01-05,111.30000305175781,102.88324737548828,12070904
2023-01-06,111.80000305175781,103.34542846679688,11586780
2023-01-09,115.80000305175781,107.04293060302734,14998076
2023-01-10,116.25,107.45891571044922,11974270
2023-01-11,116.3499984741211,107.55134582519531,15602476
2023-01-12,115.8499984741211,107.08915710449219,9954227
2023-01-13,117.19999694824219,108.33706665039062,28483387
2023-01-16,118.0999984741211,109.16899871826172,27599371
2023-01-17,118.0999984741211,109.16899871826172,14056586
2023-01-30,120.69999694824219,114.08396911621094,43332321
2023-01-31,118.30000305175781,111.81552124023438,21612576
2023-02-01,119.0,112.47715759277344,6540910
2023-02-02,121.0,114.36752319335938,15544511
2023-02-03,121.0,114.36752319335938,9507278
2023-02-06,119.25,112.71345520019531,13379869
2023-02-07,119.0,112.47715759277344,8300862
2023-02-08,120.8499984741211,114.22574615478516,8914930
2023-02-09,120.9000015258789,114.27300262451172,4849245
2023-02-10,121.0,114.36752319335938,6217975
2023-02-13,120.75,114.13123321533203,3830591
2023-02-14,121.6500015258789,114.98189544677734,7617257
2023-02-15,118.8499984741211,112.33537292480469,12271248
2023-02-16,120.30000305175781,113.70590209960938,11010019
2023-02-17,118.75,112.24085998535156,7883024
2023-02-20,119.0,112.47715759277344,5841110
2023-02-21,118.94999694824219,112.42988586425781,4443038
2023-02-22,117.6500015258789,111.2011489868164,10887622
2023-02-23,119.4000015258789,112.85523223876953,6197695
2023-02-24,118.80000305175781,112.28811645507812,5497731
2023-03-01,119.3499984741211,112.80797576904297,7467318
2023-03-02,119.25,112.71345520019531,3481231
2023-03-03,119.3499984741211,112.80797576904297,3100937
2023-03-06,120.5,113.89493560791016,9341212
2023-03-07,121.30000305175781,114.65108489990234,7468595
2023-03-08,120.30000305175781,113.70590209960938,6181964
2023-03-09,120.19999694824219,113.61138153076172,3277171
2023-03-10,118.30000305175781,111.81552124023438,13137171
2023-03-13,118.80000305175781,112.28811645507812,18735759
2023-03-14,117.5,111.05937194824219,11046532
2023-03-15,117.5999984741211,111.15390014648438,12214360
2023-03-16,117.05000305175781,110.63404083251953,15606395
2023-03-17,118.94999694824219,112.42988586425781,10849803
2023-03-20,118.0999984741211,111.6264877319336,7107479
2023-03-21,118.6500015258789,112.14633178710938,3591870
2023-03-22,120.9000015258789,114.27300262451172,14242127
2023-03-23,121.8499984741211,115.17093658447266,15532979
2023-03-24,122.19999694824219,115.50173950195312,13457394
2023-03-27,121.44999694824219,114.79285430908203,10644595
2023-03-28,120.4000015258789,113.80040740966797,9741489
2023-03-29,120.5999984741211,113.98944854736328,3074427
2023-03-30,121.19999694824219,114.55656433105469,11380614
2023-03-31,121.5999984741211,114.93463897705078,14951640
2023-04-06,121.0,114.36752319335938,7501419
2023-04-07,121.0,114.36752319335938,4413859
2023-04-10,121.0,114.36752319335938,3781028
2023-04-11,120.8499984741211,114.22574615478516,5941498
2023-04-12,120.55000305175781,113.94219970703125,2892170
2023-04-13,119.5,112.94974517822266,6550004
2023-04-14,120.6500015258789,114.0367202758789,3090804
2023-04-17,120.3499984741211,113.7531509399414,5689168
2023-04-18,119.94999694824219,113.37506866455078,4834638
2023-04-19,119.05000305175781,112.52442169189453,7784785
2023-04-20,118.9000015258789,112.38264465332031,6407963
2023-04-21,118.5999984741211,112.09907531738281,4806238
2023-04-24,118.1500015258789,111.67374420166016,6558848
2023-04-25,116.5999984741211,110.20870971679688,18527751
2023-04-26,116.0999984741211,109.73611450195312,12953105
2023-04-27,116.0,109.64159393310547,9460850
2023-04-28,117.4000015258789,110.96485900878906,5640935
2023-05-02,117.69999694824219,111.2484130859375,5164549
2023-05-03,117.19999694824219,110.77581787109375,4178432
2023-05-04,117.5,111.05937194824219,3707200
2023-05-05,117.80000305175781,111.34292602539062,2218751
2023-05-08,118.55000305175781,112.05182647705078,6011209
2023-05-09,118.9000015258789,112.38264465332031,4636210
2023-05-10,117.80000305175781,111.34292602539062,4075119
2023-05-11,117.55000305175781,111.10663604736328,3684964
2023-05-12,117.19999694824219,110.77581787109375,3813349
2023-05-15,117.19999694824219,110.77581787109375,4119699
2023-05-16,118.5999984741211,112.09907531738281,7901469
2023-05-17,120.55000305175781,113.94219970703125,26029906
2023-05-18,122.1500015258789,115.4544906616211,21973555
2023-05-19,122.5,115.78531646728516,34124626
2023-05-22,122.30000305175781,115.59626770019531,17984026
2023-05-23,122.19999694824219,115.50173950195312,12265703
2023-05-24,121.5999984741211,114.93463897705078,10879828
2023-05-25,123.05000305175781,116.3051528930664,11442859
2023-05-26,125.94999694824219,119.04620361328125,23780520
2023-05-29,126.75,119.80235290527344,14498868
2023-05-30,126.75,119.80235290527344,12123804
2023-05-31,126.1500015258789,119.23523712158203,8865297
2023-06-01,125.1500015258789,118.29004669189453,3879343
2023-06-02,126.75,119.80235290527344,7942819
2023-06-05,126.3499984741211,119.42427062988281,6360122
2023-06-06,126.69999694824219,119.75508880615234,6592414
2023-06-07,128.10000610351562,121.07835388183594,12076543
2023-06-08,126.8499984741211,119.89686584472656,5140735
2023-06-09,127.80000305175781,120.79478454589844,5551953
2023-06-12,129.0,121.92901611328125,13721287
2023-06-13,131.5500030517578,124.33924102783203,23438202
2023-06-14,131.5,124.29198455810547,6676993
2023-06-15,131.89999389648438,124.67005157470703,11041119
2023-06-16,131.5500030517578,124.33924102783203,7202216
2023-06-19,131.25,124.05567169189453,5978996
2023-06-20,130.5500030517578,123.39405822753906,6528969
2023-06-21,130.5500030517578,123.39405822753906,26565515
2023-06-26,129.75,122.63790130615234,7393403
2023-06-27,128.89999389648438,121.8344955444336,6574049
2023-06-28,129.10000610351562,122.02352905273438,5695853
2023-06-29,129.0500030517578,121.97628784179688,5696517
2023-06-30,129.10000610351562,122.02352905273438,7029188
2023-07-03,130.6999969482422,123.53584289550781,6622825
2023-07-04,131.0,123.81939697265625,5679670
2023-07-05,130.8000030517578,123.63035583496094,5000942
2023-07-06,127.9000015258789,120.88931274414062,16402276
2023-07-07,127.69999694824219,120.70027160644531,8020402
2023-07-10,127.44999694824219,120.46397399902344,7871639
2023-07-11,129.1999969482422,122.11804962158203,4540434
2023-07-12,129.4499969482422,122.3543472290039,3439451
2023-07-13,130.89999389648438,123.72486114501953,15666309
2023-07-14,132.25,125.00086975097656,14732246
2023-07-17,132.0,124.76457214355469,15278402
2023-07-18,129.85000610351562,124.52483367919922,10837561
2023-07-19,128.75,123.46993255615234,14299678
2023-07-20,129.35000610351562,124.04534149169922,3721944
2023-07-21,127.19999694824219,121.98350524902344,12757197
2023-07-24,127.25,122.03145599365234,9725181
2023-07-25,128.85000610351562,123.56584167480469,6922790
2023-07-26,128.5,123.23019409179688,4396742
2023-07-27,129.5,124.18917846679688,4006903
2023-07-28,129.5,124.18917846679688,2680637
2023-07-31,128.8000030517578,123.51788330078125,7248552
2023-08-01,129.4499969482422,124.14122772216797,4447765
2023-08-02,127.8499984741211,122.60684204101562,12005721
2023-08-04,127.25,122.03145599365234,6734916
2023-08-07,128.5,123.23019409179688,4601873
2023-08-08,127.0,121.79170227050781,10517511
2023-08-09,127.19999694824219,121.98350524902344,3664399
2023-08-10,126.4000015258789,121.21631622314453,10895898
2023-08-11,126.30000305175781,121.12041473388672,7747852
2023-08-14,124.5,119.39422607421875,22566685
2023-08-15,124.69999694824219,119.58602142333984,7411088
2023-08-16,124.05000305175781,118.96268463134766,18073063
2023-08-17,124.5999984741211,119.49012756347656,9633859
2023-08-18,123.8499984741211,118.77088165283203,7600720
2023-08-21,123.0,117.95574188232422,10059231
2023-08-22,124.0,118.91473388671875,3641145
2023-08-23,124.8499984741211,119.72987365722656,6784070
2023-08-24,127.0,121.79170227050781,6673689
2023-08-25,124.55000305175781,119.44218444824219,7188718
2023-08-28,125.3499984741211,120.20936584472656,4314749
2023-08-29,126.05000305175781,120.88066101074219,6490091
2023-08-30,126.5999984741211,121.40811157226562,5749445
2023-08-31,125.69999694824219,120.54501342773438,4356039
2023-09-01,125.9000015258789,120.73681640625,3081927
2023-09-04,126.75,121.55196380615234,3422663
2023-09-05,126.44999694824219,121.2642593383789,3622409
2023-09-06,126.0,120.83271789550781,7334521
2023-09-07,124.8499984741211,119.72987365722656,5650194
2023-09-08,124.30000305175781,119.20243072509766,5527633
2023-09-11,123.80000305175781,118.72294616699219,8256632
2023-09-12,125.05000305175781,119.92167663574219,2599673
2023-09-13,125.19999694824219,120.06551361083984,3205783
2023-09-14,126.94999694824219,121.74374389648438,7177900
2023-09-15,127.3499984741211,122.1273422241211,5733382
2023-09-18,126.0,120.83271789550781,7095909
2023-09-19,125.44999694824219,120.3052749633789,4017342
2023-09-20,124.75,119.63397216796875,5948291
2023-09-21,122.75,117.71599578857422,21170710
2023-09-22,122.6500015258789,117.62010192871094,9559383
2023-09-25,123.55000305175781,118.48319244384766,3993132
2023-09-26,122.0999984741211,117.0926513671875,10076754
2023-09-27,122.1500015258789,117.1406021118164,6527530
2023-09-28,122.6500015258789,117.62010192871094,5539327
2023-10-02,124.25,119.15448760986328,6461262
2023-10-03,123.5,118.43524169921875,5068454
2023-10-04,121.9000015258789,116.9008560180664,11225027
2023-10-05,123.6500015258789,118.57909393310547,4105490
2023-10-06,124.0999984741211,119.01063537597656,4884995
2023-10-11,126.25,121.07246398925781,13497019
2023-10-12,127.30000305175781,122.07940673828125,14297014
2023-10-13,126.94999694824219,121.74374389648438,6362821
2023-10-16,126.25,121.07246398925781,7742041
2023-10-17,126.55000305175781,121.36016082763672,6836037
2023-10-18,124.80000305175781,119.68193054199219,9566032
2023-10-19,124.8499984741211,119.72987365722656,7826245
2023-10-20,125.4000015258789,120.25732421875,4387291
2023-10-23,123.8499984741211,118.77088165283203,8037320
2023-10-24,123.94999694824219,118.86678314208984,7197186
2023-10-25,124.19999694824219,119.10652923583984,3980090
2023-10-26,121.75,116.75700378417969,21974122
2023-10-27,122.30000305175781,117.28445434570312,4068937
2023-10-30,122.0,116.99675750732422,9138352
2023-10-31,121.1500015258789,116.1816177368164,10780877
2023-11-01,121.75,116.75700378417969,4422327
2023-11-02,124.5,119.39422607421875,9808212
2023-11-03,125.44999694824219,120.3052749633789,8698568
2023-11-06,126.55000305175781,121.36016082763672,15923199
2023-11-07,126.5,121.31220245361328,6543113
2023-11-08,127.19999694824219,121.98350524902344,11100679
2023-11-09,127.25,122.03145599365234,6226873
2023-11-10,126.75,121.55196380615234,4251571
2023-11-13,128.6999969482422,123.42198181152344,25387556
2023-11-14,129.0,123.70968627929688,20094457
2023-11-15,130.5500030517578,125.19612121582031,22791049
2023-11-16,130.60000610351562,125.24407196044922,18329336
2023-11-17,131.0,125.62767028808594,27147588
2023-11-20,130.9499969482422,125.57970428466797,8660375
2023-11-21,132.5500030517578,127.11410522460938,28378346
2023-11-22,131.35000610351562,125.96331787109375,6137072
2023-11-23,131.3000030517578,125.91536712646484,6234316
2023-11-24,131.1999969482422,125.81946563720703,13309402
2023-11-27,130.35000610351562,125.00432586669922,9431776
2023-11-28,131.25,125.86740112304688,9568971
2023-11-29,131.14999389648438,125.77151489257812,6617577
2023-11-30,131.35000610351562,125.96331787109375,10917331
2023-12-01,131.8000030517578,126.39485931396484,5299640
2023-12-04,131.3000030517578,125.91536712646484,4399034
2023-12-05,130.35000610351562,125.00432586669922,4777966
2023-12-06,130.8000030517578,125.43586730957031,7137049
2023-12-07,130.0,124.66867065429688,2738659
2023-12-08,131.0500030517578,125.67561340332031,13023952
2023-12-11,131.1999969482422,125.81946563720703,3129838
2023-12-12,131.5,126.10716247558594,5475510
2023-12-13,131.5500030517578,126.15510559082031,2940436
2023-12-14,133.14999389648438,127.68949127197266,32006517
2023-12-15,133.6999969482422,128.21693420410156,18378835
2023-12-18,133.89999389648438,128.4087371826172,6651997
2023-12-19,133.39999389648438,127.92923736572266,5606247
2023-12-20,133.75,128.264892578125,6615835
2023-12-21,132.60000610351562,127.16204833984375,5354951
2023-12-22,132.9499969482422,127.4976806640625,6204194
2023-12-25,133.5,128.02513122558594,8080412
2023-12-26,134.25,128.74436950683594,16816964
2023-12-27,135.75,130.18287658691406,29950035
2023-12-28,135.75,130.18287658691406,14848296
2023-12-29,135.4499969482422,129.89517211914062,13111608
2024-01-02,134.89999389648438,129.3677215576172,5922076
2024-01-03,132.5500030517578,127.11410522460938,13547475
2024-01-04,132.5,127.06614685058594,4567593
2024-01-05,132.14999389648438,126.7304916381836,3999671
2024-01-08,132.75,127.30589294433594,9394720
2024-01-09,133.0,127.54564666748047,5701015
2024-01-10,132.3000030517578,126.87435150146484,6781470
2024-01-11,132.85000610351562,127.40180969238281,5626078
2024-01-12,132.64999389648438,127.2099838256836,6484397
2024-01-15,132.64999389648438,127.2099838256836,0
2024-01-16,131.64999389648438,126.25100708007812,21976296
2024-01-17,127.44999694824219,125.07337951660156,36343304
2024-01-18,128.3000030517578,125.90753936767578,7092093
2024-01-19,132.89999389648438,130.4217529296875,26037458
2024-01-22,133.8000030517578,131.3049774169922,12942433
2024-01-23,134.0500030517578,131.55032348632812,6902435
2024-01-24,134.0,131.50123596191406,14170358
2024-01-25,135.64999389648438,133.12046813964844,26069508
2024-01-26,135.64999389648438,133.12046813964844,15825062
2024-01-29,136.5,133.9546356201172,26636234
2024-01-30,136.14999389648438,133.61114501953125,9561024
2024-01-31,134.35000610351562,131.8447265625,6784892
2024-02-01,134.35000610351562,131.8447265625,8395975
2024-02-02,135.10000610351562,132.58074951171875,8904238
2024-02-05,135.9499969482422,133.4148712158203,17212735
2024-02-15,142.35000610351562,139.69554138183594,41725562
2024-02-16,141.3000030517578,138.6651153564453,17653469
2024-02-19,141.10000610351562,138.46885681152344,8998748
2024-02-20,141.64999389648438,139.00857543945312,13318332
2024-02-21,141.1999969482422,138.56698608398438,10354985
2024-02-22,142.8000030517578,140.13714599609375,12370608
2024-02-23,143.75,141.06942749023438,19158185
2024-02-26,143.9499969482422,141.2657012939453,9794806
2024-02-27,143.35000610351562,140.67689514160156,5980672
2024-02-29,143.3000030517578,140.62782287597656,6847612
2024-03-01,142.8000030517578,140.13714599609375,8661757
2024-03-04,146.9499969482422,144.20974731445312,24392898
2024-03-05,148.14999389648438,145.3873748779297,16370927
2024-03-06,148.85000610351562,146.0743408203125,16533192
2024-03-07,152.3000030517578,149.45999145507812,29615317
2024-03-08,154.4499969482422,151.5699005126953,28959251
2024-03-11,152.89999389648438,150.04879760742188,13014410
2024-03-12,154.5,151.6189727783203,14671140
2024-03-13,155.25,152.35499572753906,12824151
2024-03-14,155.10000610351562,152.20779418945312,8318618
2024-03-15,153.0,150.14694213867188,8600954
2024-03-18,154.39999389648438,151.5208282470703,17937768
2024-03-19,154.0500030517578,151.1773681640625,8569789
2024-03-20,153.1999969482422,150.34320068359375,10080404
2024-03-21,157.39999389648438,154.4648895263672,19960806
2024-03-22,157.1999969482422,154.26861572265625,6777499
2024-03-25,157.5,154.56301879882812,8583113
2024-03-26,157.60000610351562,154.66116333007812,6531943
2024-03-27,157.64999389648438,154.71022033691406,4386987
2024-03-28,156.89999389648438,153.9741973876953,3160348
2024-03-29,157.8000030517578,154.85743713378906,5143000
2024-04-01,157.39999389648438,154.4648895263672,5336174
2024-04-02,159.64999389648438,156.6729278564453,7341022
2024-04-03,158.5500030517578,155.59344482421875,4637563
2024-04-08,159.4499969482422,156.47665405273438,5657296
2024-04-09,163.25,160.205810546875,8145423
2024-04-10,163.0,159.96046447753906,5300930
2024-04-11,162.5,159.46978759765625,4317675
2024-04-12,162.10000610351562,159.07725524902344,5830394
2024-04-15,160.0,157.01641845703125,7890781
2024-04-16,155.64999389648438,152.7475128173828,16655387
2024-04-17,157.39999389648438,154.4648895263672,7705889
2024-04-18,158.9499969482422,155.98599243164062,6569523
2024-04-19,150.89999389648438,148.08609008789062,30397526
2024-04-22,150.4499969482422,147.6444854736328,9260305
2024-04-23,151.89999389648438,149.0674591064453,5412176
2024-04-24,156.35000610351562,153.43447875976562,7675254
2024-04-25,153.5,150.6376190185547,4701410
2024-04-26,156.0,153.09100341796875,5754508
2024-04-29,158.8000030517578,155.8387908935547,7702694
2024-04-30,158.25,155.29904174804688,4482935
2024-05-02,156.14999389648438,153.2382049560547,6217027
2024-05-03,156.9499969482422,154.02328491210938,5689696
2024-05-06,159.1999969482422,156.23133850097656,8596258
2024-05-07,160.10000610351562,157.1145477294922,6228736
2024-05-08,160.6999969482422,157.70335388183594,5977267
2024-05-09,160.5,157.507080078125,5075569
2024-05-10,161.64999389648438,158.63563537597656,9683953
2024-05-13,163.3000030517578,160.25486755371094,9115843
2024-05-14,164.39999389648438,161.33436584472656,7749469
2024-05-15,166.64999389648438,163.54238891601562,14581000
2024-05-16,167.4499969482422,164.32748413085938,12059920
2024-05-17,167.25,164.13121032714844,4679135
2024-05-20,167.1999969482422,164.08213806152344,6755731
2024-05-21,167.0,163.88587951660156,4349023
2024-05-22,170.0,166.82992553710938,6398574
2024-05-23,171.3000030517578,168.10569763183594,6002065
2024-05-24,170.60000610351562,167.4187469482422,3655076
2024-05-27,172.9499969482422,169.7249298095703,5685420
2024-05-28,173.1999969482422,169.9702606201172,5524704
2024-05-29,170.85000610351562,167.66409301757812,6796954
2024-05-30,167.89999389648438,164.7690887451172,9277512
2024-05-31,166.0,162.90452575683594,8286711
2024-06-03,169.5500030517578,166.38832092285156,8995082
2024-06-04,166.85000610351562,163.73867797851562,7987612
2024-06-05,168.4499969482422,165.308837890625,4532099
2024-06-06,174.1999969482422,170.9516143798828,17057398
2024-06-07,172.85000610351562,169.62680053710938,6750147
2024-06-11,173.3000030517578,170.0684051513672,10857068
2024-06-12,176.39999389648438,173.11058044433594,7592211
2024-06-13,178.9499969482422,175.613037109375,16106614
2024-06-14,180.0,176.64346313476562,6498108
2024-06-17,180.0,176.64346313476562,8127793
2024-06-18,183.0,179.5875244140625,6563311
2024-06-19,187.9499969482422,184.44520568847656,25338672
2024-06-20,189.75,186.21165466308594,11321643
2024-06-21,188.60000610351562,185.08309936523438,10239036
2024-06-24,184.0,180.56886291503906,13196781
2024-06-25,183.89999389648438,180.47071838378906,13034631
2024-06-26,185.35000610351562,181.89370727539062,8916026
2024-06-27,185.3000030517578,181.84463500976562,6219061
2024-06-28,186.4499969482422,182.97317504882812,4146971
2024-07-01,186.60000610351562,183.12039184570312,7319803
2024-07-02,185.35000610351562,181.89370727539062,5444336
2024-07-03,187.60000610351562,184.10174560546875,6478757
2024-07-04,192.5,188.91036987304688,12644207
2024-07-05,191.8000030517578,188.22341918945312,9733333
2024-07-08,197.85000610351562,194.16061401367188,17352467
2024-07-09,197.64999389648438,193.96434020996094,15488789
2024-07-10,198.35000610351562,194.6512908935547,7168611
2024-07-11,202.75,198.96923828125,9796730
2024-07-12,196.35000610351562,192.68858337402344,14158267
2024-07-15,196.6999969482422,193.03204345703125,9790185
2024-07-16,196.85000610351562,194.16636657714844,13255538
2024-07-17,194.10000610351562,191.453857421875,14489778
2024-07-18,190.60000610351562,188.00157165527344,17880013
2024-07-19,186.25,183.71087646484375,16453910
2024-07-22,180.6999969482422,178.2365264892578,21211846
2024-07-23,186.3000030517578,183.76019287109375,12527079
2024-07-26,179.0,176.55970764160156,25906618
2024-07-29,180.60000610351562,178.13790893554688,9946264
2024-07-30,180.60000610351562,178.13790893554688,13107381
2024-07-31,180.85000610351562,178.38449096679688,9078554
2024-08-01,184.0,181.49154663085938,14061699
2024-08-02,174.6999969482422,172.31832885742188,29706815
2024-08-05,158.75,156.58578491210938,55577204
2024-08-06,167.5,165.21649169921875,63140961
2024-08-07,174.14999389648438,171.7758331298828,31824740
2024-08-08,170.5500030517578,168.22491455078125,25841105
2024-08-09,175.85000610351562,173.45266723632812,23353756
2024-08-12,178.0500030517578,175.62266540527344,17571739
2024-08-13,178.5,176.0665283203125,10858460
2024-08-14,180.75,178.28585815429688,18714319
2024-08-15,179.35000610351562,176.9049530029297,11481647
2024-08-16,183.39999389648438,180.89971923828125,13205915
2024-08-19,183.64999389648438,181.1463165283203,9280593
2024-08-20,183.75,181.2449493408203,10784876
2024-08-21,181.8000030517578,179.32154846191406,11684142
2024-08-22,180.85000610351562,178.38449096679688,5218207
2024-08-23,180.9499969482422,178.48312377929688,7943485
2024-08-26,181.25,178.77903747558594,11398488
2024-08-27,180.4499969482422,177.9899444580078,5291966
2024-08-28,183.0,180.50518798828125,5497421
2024-08-29,180.5,178.0392608642578,10765945
2024-08-30,181.35000610351562,178.877685546875,8050738
2024-09-02,180.85000610351562,178.38449096679688,8014474
2024-09-03,180.0500030517578,177.59539794921875,9602828
2024-09-04,171.25,168.9153594970703,29908996
2024-09-05,172.3000030517578,169.9510498046875,8818826
2024-09-06,174.75,172.36764526367188,8582755
2024-09-09,172.0500030517578,169.7044677734375,15183985
2024-09-10,172.35000610351562,170.00038146972656,9301953
2024-09-11,171.85000610351562,169.50718688964844,5014059
2024-09-12,178.3000030517578,175.8692626953125,15744502
2024-09-13,178.39999389648438,175.96788024902344,4511876
2024-09-16,178.75,176.31312561035156,5876908
2024-09-18,177.85000610351562,175.42539978027344,9192314
2024-09-19,180.14999389648438,177.69403076171875,8110076
2024-09-20,182.4499969482422,179.96267700195312,13632880
2024-09-23,183.25,180.75177001953125,7900498
2024-09-24,185.0,182.47792053222656,9952346
2024-09-25,187.75,185.1904296875,11673001
2024-09-26,189.3000030517578,186.71929931640625,16725931
2024-09-27,188.89999389648438,186.32473754882812,11403314
2024-09-30,183.9499969482422,181.44223022460938,13186950
2024-10-01,183.60000610351562,181.0970001220703,9410219
2024-10-04,183.60000610351562,181.0970001220703,8865663
2024-10-07,188.14999389648438,185.5849609375,13451502
2024-10-08,187.25,184.69723510742188,9479332
2024-10-09,189.0,186.4233856201172,11297060
2024-10-11,192.14999389648438,189.53042602539062,12306746
2024-10-14,192.3000030517578,189.6783905029297,10109759
2024-10-15,196.39999389648438,193.7224884033203,14767707
2024-10-16,193.0,190.3688507080078,17800388
2024-10-17,193.3000030517578,190.66476440429688,9541205
2024-10-18,198.10000610351562,195.39932250976562,32320902
2024-10-21,198.0500030517578,195.35000610351562,13229646
2024-10-22,197.3000030517578,194.6102294921875,8464415
2024-10-23,196.0,193.3279571533203,9448724
2024-10-24,194.8000030517578,192.14431762695312,8123462
2024-10-25,196.39999389648438,193.7224884033203,12641643
2024-10-28,196.0500030517578,193.3772735595703,11494619
2024-10-29,191.5,188.88929748535156,24245024
2024-10-30,191.8000030517578,189.18521118164062,14156688
2024-11-01,190.5,187.90293884277344,19620907
2024-11-04,192.9499969482422,190.3195343017578,7279572
2024-11-05,193.64999389648438,191.00997924804688,10108207
2024-11-06,195.1999969482422,192.53884887695312,16706376
2024-11-07,197.4499969482422,194.7581787109375,13498552
2024-11-08,199.0,196.28704833984375,12950151
2024-11-11,199.10000610351562,196.3856964111328,12364013
2024-11-12,194.0,191.355224609375,26272087
2024-11-13,192.75,190.12225341796875,9194590
2024-11-14,191.0,188.3961181640625,12146615
2024-11-15,192.35000610351562,189.72772216796875,7385581
2024-11-18,189.64999389648438,187.06451416015625,13394516
2024-11-19,192.25,189.6290740966797,7618321
2024-11-20,191.4499969482422,188.83998107910156,78000
2024-11-21,189.35000610351562,186.76861572265625,15876617
2024-11-22,193.0500030517578,190.4181671142578,7965587
2024-11-25,192.35000610351562,189.72772216796875,7826663
2024-11-26,189.85000610351562,187.2617950439453,11390822
2024-11-27,187.10000610351562,184.54928588867188,14072686
2024-11-28,186.8000030517578,184.2533721923828,13109114
2024-11-29,187.25,184.69723510742188,8128220
2024-12-02,191.6999969482422,189.08657836914062,10544078
2024-12-03,194.3000030517578,191.65113830566406,9953106
2024-12-04,195.4499969482422,192.7854461669922,6455249
2024-12-05,196.5,193.82113647460938,7446203
2024-12-06,195.75,193.08135986328125,6809506
2024-12-09,196.0,193.3279571533203,4639864
2024-12-10,194.60000610351562,191.94705200195312,4477307
2024-12-11,192.89999389648438,190.27020263671875,6714689
2024-12-12,195.14999389648438,192.48953247070312,5027241
2024-12-13,195.3000030517578,192.6374969482422,4520427
2024-12-16,196.10000610351562,193.4265899658203,7343592
2024-12-17,197.10000610351562,194.4129638671875,9294229
2024-12-18,197.10000610351562,194.4129638671875,6553877
2024-12-19,194.39999389648438,191.749755859375,13045047
2024-12-20,192.60000610351562,189.97430419921875,11123394
2024-12-23,197.25,194.5609130859375,11176066
2024-12-24,197.8000030517578,195.10342407226562,8195902
2024-12-25,198.39999389648438,195.69522094726562,5906123
2024-12-26,198.25,195.54727172851562,4803561
2024-12-27,198.89999389648438,196.18841552734375,6987417
2024-12-30,197.8000030517578,195.10342407226562,8677266
2024-12-31,195.75,193.08135986328125,7836534
2025-01-02,194.0500030517578,191.404541015625,12797702
2025-01-03,196.0,193.3279571533203,7113371
2025-01-06,202.14999389648438,199.39410400390625,24627793
2025-01-07,204.39999389648438,201.61343383789062,15943844
2025-01-08,201.35000610351562,198.6050262451172,11855717
2025-01-09,199.0500030517578,196.3363800048828,8430655
2025-01-10,199.0,196.28704833984375,8321324
2025-01-13,194.39999389648438,191.749755859375,20876179
2025-01-14,195.60000610351562,192.93341064453125,10877775
2025-01-15,194.10000610351562,191.453857421875,17384117
2025-01-16,198.0500030517578,195.35000610351562,15587098
2025-01-17,196.3000030517578,196.3000030517578,15137566
2025-01-20,198.3000030517578,198.3000030517578,7417571
2025-01-21,198.6999969482422,198.6999969482422,10612738
2025-01-22,201.3000030517578,201.3000030517578,12864399
2025-02-03,192.6999969482422,192.6999969482422,55789778
2025-02-04,193.85000610351562,193.85000610351562,19284119
2025-02-05,196.8000030517578,196.8000030517578,15239625
2025-02-06,197.64999389648438,197.64999389648438,11209707
2025-02-07,198.5500030517578,198.5500030517578,5608594
2025-02-10,196.3000030517578,196.3000030517578,16382010
2025-02-11,197.5,197.5,4960611
2025-02-12,197.1999969482422,197.1999969482422,6825279
2025-02-13,196.35000610351562,196.35000610351562,14168495
2025-02-14,194.0,194.0,23054316
2025-02-17,196.9499969482422,196.9499969482422,11647990
2025-02-18,197.64999389648438,197.64999389648438,8069669
2025-02-19,197.3000030517578,197.3000030517578,11828308
2025-02-20,196.5500030517578,196.5500030517578,13839763
2025-02-21,197.9499969482422,197.9499969482422,8469798
2025-02-24,196.1999969482422,196.1999969482422,12418006
2025-02-25,193.64999389648438,193.64999389648438,26677671
2025-02-26,194.6999969482422,194.6999969482422,18294080
2025-02-27,192.5,192.5,18673705
2025-03-03,188.0500030517578,188.0500030517578,55489756
2025-03-04,186.8000030517578,186.8000030517578,28663913
2025-03-05,189.25,189.25,12842391
2025-03-06,188.10000610351562,188.10000610351562,14222721
2025-03-07,186.35000610351562,186.35000610351562,17120853
2025-03-10,185.25,185.25,19751644
2025-03-11,182.0,182.0,33547942
2025-03-12,182.8000030517578,182.8000030517578,12758877
2025-03-13,181.10000610351562,181.10000610351562,13067228
2025-03-14,180.5,180.5,12299558
2025-03-17,182.0500030517578,182.0500030517578,10974344
2025-03-18,182.8000030517578,182.8000030517578,7650780
2025-03-19,180.5500030517578,180.5500030517578,11690842
2025-03-20,184.4499969482422,184.4499969482422,7664553
2025-03-21,182.9499969482422,182.9499969482422,7134544
2025-03-24,182.75,182.75,7309865
2025-03-25,184.64999389648438,184.64999389648438,7814163
2025-03-26,184.5,184.5,6728762
2025-03-27,181.0,181.0,17491638
2025-03-28,179.1999969482422,179.1999969482422,19748309
2025-03-31,172.75,172.75,36516408
2025-04-01,176.3000030517578,176.3000030517578,11821150
2025-04-02,176.0,176.0,10431325
2025-04-07,158.39999389648438,158.39999389648438,23164631
2025-04-08,153.25,153.25,80326827
2025-04-09,146.1999969482422,146.1999969482422,75123699
2025-04-10,160.8000030517578,160.8000030517578,5592767
2025-04-11,164.5500030517578,164.5500030517578,47479859
2025-04-14,163.6999969482422,163.6999969482422,43858700
2025-04-15,165.35000610351562,165.35000610351562,18491467
2025-04-16,162.35000610351562,162.35000610351562,24517062
2025-04-17,160.5500030517578,160.5500030517578,18238993
2025-04-18,160.89999389648438,160.89999389648438,11083885
2025-04-21,158.60000610351562,158.60000610351562,15716878
2025-04-22,155.9499969482422,155.9499969482422,18910215
2025-04-23,162.85000610351562,162.85000610351562,15808988
2025-04-24,161.89999389648438,161.89999389648438,13444117
2025-04-25,165.75,165.75,17640931
2025-04-28,167.14999389648438,167.14999389648438,12092963
2025-04-29,167.8000030517578,167.8000030517578,10847104
2025-04-30,168.60000610351562,168.60000610351562,9388131
2025-05-02,173.5,173.5,14290240
2025-05-05,171.9499969482422,171.9499969482422,31983822
2025-05-06,171.0,171.0,29079196
2025-05-07,170.35000610351562,170.35000610351562,13284346
2025-05-08,172.60000610351562,172.60000610351562,9827807
2025-05-09,174.75,174.75,12972096
2025-05-12,176.6999969482422,176.6999969482422,13441939
2025-05-13,178.85000610351562,178.85000610351562,19980679
2025-05-14,182.89999389648438,182.89999389648438,22550803
2025-05-15,182.5,182.5,11419450
2025-05-16,183.0,183.0,9453933
2025-05-19,180.4499969482422,180.4499969482422,9485186
2025-05-20,180.8000030517578,180.8000030517578,5341084
2025-05-21,183.60000610351562,183.60000610351562,13612553
2025-05-22,181.60000610351562,181.60000610351562,8339693
2025-05-23,180.85000610351562,180.85000610351562,6523604
2025-05-26,180.64999389648438,180.64999389648438,13798930
2025-05-27,179.0500030517578,179.0500030517578,12068768
2025-05-28,179.35000610351562,179.35000610351562,8077362
2025-05-29,179.75,179.75,9066456
